source,scan,n_pixels,log_std,skewness,excess_kurtosis,grain_axial_px,grain_lateral_px,grain_ratio,contrast_linear
synthetic,1,4080,3.0100895825427423,0.039300699610775945,-0.27568054990533497,4.125259985126284,3.850230937568937,0.9333304934600557,0.7572808929322214
synthetic,8,3280,4.019091258146219,-0.3715870609082388,0.06648323536107092,4.109461956850329,3.5970908062868134,0.875319164420196,0.9316881861978187
synthetic,10,2240,3.9125440837528203,-0.1156152199073659,-0.24688664122701898,4.653455999171977,3.859097372572606,0.8292970586289593,0.9731142089684616
synthetic,14,4640,3.245107894957251,-0.204609876660387,-0.3106585446056367,4.624265307483975,3.7983591777007204,0.8213973301993299,0.7458214952220915
synthetic,15,5120,3.4461432196023325,-0.11007333618729108,-0.24313506889869574,4.369317160840211,3.7359988822003687,0.8550532599656702,0.8387865279121954
synthetic,18,3760,3.5483439491224575,-0.2045681266922245,0.024263537767391874,4.407015097297011,3.678756964537592,0.8347502523406177,0.8463126243786626
synthetic,26,1280,3.81487515389925,-0.13921620059568593,0.11896745092447736,4.377954745399469,3.6743113553483457,0.8392757735126111,0.9926038453400449
synthetic,29,5120,3.7085846800040496,-0.4071100330070511,0.35403704154019033,4.090586495498623,3.6332358459635694,0.8881943579390553,0.8579941530567404
synthetic,31,1840,2.881182759655027,-0.06819064391285577,-0.24435763874515404,3.900397293132885,3.815905439071977,0.9783376287821587,0.6921284949893752
synthetic,32,1600,3.4700785864720975,-0.29068641734258616,-0.028038053043918598,4.044433078981855,3.8522203208640455,0.9524747339456049,0.7985889488066473
synthetic,35,4480,3.4633003716713784,-0.2322017513280122,0.006049760745145072,4.214976100569803,3.43352543196107,0.8146013998743451,0.8333532893791926
synthetic,38,5120,3.3254178342756986,-0.21650980751277507,-0.30518733376031904,4.287149701221215,3.6097632822512375,0.8419960892018722,0.7613069690625573
synthetic,42,2080,3.400661895499887,-0.26644561125776495,-0.3064664439970164,4.050817590169511,3.828861228888961,0.9452070214617435,0.7541204866721679
synthetic,46,5120,3.9402557355588193,-0.19854997945852113,-0.18711092373776061,4.4693788214599754,3.716619349476522,0.8315740280575377,0.9465319034690186
synthetic,51,5040,3.6476243404822566,-0.3392237880188074,0.05830838255643256,4.24271146408993,3.8512864852867685,0.9077417867992768,0.8348568623194704
synthetic,54,2320,2.9396382243068517,-0.09931166374651901,-0.30830161314099147,3.920469411558207,3.5395648755545146,0.9028421099573635,0.7017661309569909
synthetic,55,4400,3.6383206145847815,-0.3219817239370255,0.08695119209306723,4.335523547534314,3.918478425950041,0.9038074370922391,0.8463266870853023
synthetic,60,2160,3.289794977024971,0.026922143416678698,-0.19940172260967026,3.9592158857061275,3.7276693031932133,0.9415170606511097,0.8438290896371868
synthetic,61,2720,3.6402631001558654,-0.41420750656384614,-0.12761657490987321,4.397138512564799,3.5399836626244765,0.8050653061096422,0.779166581292059
synthetic,63,3760,3.4589889055291243,-0.2932090571607881,0.03825884909481303,4.183384891464068,3.6631544115840216,0.8756436490121806,0.794437122860555
synthetic,64,2480,3.4769139986396986,-0.17669324168491135,-0.2596236848883371,4.294710492634011,3.694437078147981,0.860229597427911,0.8397030568242765
synthetic,65,2320,3.596211470905708,-0.15986131810801193,-0.402256178679842,4.152973486034632,3.849098289057581,0.9268294878359074,0.8373962829490601
synthetic,66,5120,3.073753908478532,-0.17920354737022734,-0.16543168884945603,4.120683734164702,3.649330217906492,0.8856127898508189,0.7199250189653499
synthetic,69,1520,3.494467229162759,-0.17586665713844513,0.013765788617803754,3.900981167647476,3.9294631982071566,1.007301247900373,0.8647297891053957
synthetic,72,1920,3.06651337988211,-0.0009926276560587198,-0.3027878909847064,4.621944890132853,3.365335629111758,0.7281211068302083,0.7644747721467043
synthetic,74,2560,3.458374720387032,-0.21755422128609056,-0.10156530031911926,4.817646394780037,3.627275206913634,0.752914371391769,0.8128737616209605
synthetic,77,1840,3.561452066185533,-0.23373517969406338,-0.0385662334167689,4.264754490602335,3.548737908862905,0.8321083702901962,0.8626191340937213
synthetic,80,1360,3.336877086581687,-0.24488345711014592,-0.21879229592168015,4.045498058819386,3.5591239462942945,0.8797739844505,0.7639255516438825
synthetic,81,1600,3.859156047737274,-0.027470784164487186,-0.2753934659533326,4.773288211049502,3.792860673632723,0.7946012279025547,0.9873855369742963
synthetic,86,1120,3.264838974635744,-0.08068841230908357,-0.22038821540527342,4.789744362181602,4.013771195344282,0.8379927803737975,0.7804380481878552
synthetic,88,2000,3.1252852370674726,0.09484594780771081,0.004209132571467045,4.206477590997283,3.7626208210457968,0.8944825545008418,0.838165488238157
synthetic,91,1680,2.9490797472911723,-0.2249132838767459,-0.05651118619563977,4.709776741312813,3.6925354347179145,0.7840149623926016,0.6911258791247642
synthetic,92,4400,3.1724196611964555,-0.16370344993417535,-0.10076746207274301,4.36185078963493,3.3703936884389893,0.7726980703805959,0.7792509158929868
synthetic,93,4480,3.5944686896026066,-0.21367984027588482,-0.16221219594558978,4.311295166613547,3.7225633259081388,0.8634443205687891,0.8519680476019723
synthetic,99,5120,3.432681827711487,-0.29277412359158217,-0.39317105186407986,4.510000895025852,3.546025714530826,0.7862583172526175,0.7568890241530964
synthetic,103,1200,2.985022013700566,0.05671090661445263,-0.15055681478463878,4.471682052201464,3.182429042436239,0.7116850002494005,0.772339428045844
synthetic,104,2480,3.615711243742512,-0.09486041533501742,-0.4653963177213485,4.637747354933847,3.622713849620836,0.7811365243444812,0.845044761523479
synthetic,106,2480,3.6039050117823206,-0.17474354674047543,-0.1910325761798619,4.227818180550808,3.836203015994511,0.9073718055431426,0.865523999284684
synthetic,107,2240,3.2165298777392843,-0.2616428990734824,-0.46983563353675883,4.31104196707496,3.4262051923732857,0.794751064485221,0.7105873514671851
synthetic,110,1600,3.353105313679706,-0.2618219846917789,-0.09334676438527145,4.356148927525272,3.5827418479714264,0.8224562354452795,0.7733439112281326
synthetic,116,3360,3.742677426977173,-0.20828341938507067,-0.31751405174683756,4.15531659063107,3.4115327316897432,0.8210042862634521,0.8566957145596172
synthetic,117,2000,3.5982878084733354,-0.3465562729669999,-0.22777191619453419,4.581888913887577,3.876437076202463,0.8460347138607159,0.7862209392913637
synthetic,119,5120,3.662961598859788,-0.4743270518023536,0.39278464613670394,4.2801977867905,3.7437518943688874,0.8746679664951031,0.8116216742393868
synthetic,120,2880,4.107336553147666,-0.28404316466351365,0.035025991741283846,4.7368744573293275,3.5605630500804084,0.751669287872128,0.9656775732069107
synthetic,123,2480,3.6087265654946488,-0.3465977164988393,0.04965154381980952,4.552436714000671,3.4767636177106347,0.7637148709872482,0.8137524481071785
synthetic,130,3440,3.5729260454028773,-0.27672031607377584,-0.12584377274474745,4.7303040693709875,3.530855316963443,0.74643305486976,0.834395173857751
synthetic,134,3040,2.8841422449103877,-0.2832263988075318,0.10767606891302828,4.0929946564325626,3.804675897930468,0.9295579929358149,0.6581425584508852
synthetic,135,1600,3.8902634934867706,-0.40428649898376684,-0.08437213609553806,4.964653748199898,3.277811198371556,0.6602295677840648,0.851468201261114
synthetic,136,4400,3.221382844829402,-0.24306682607658697,0.11024027575579787,4.416516592289064,3.7446075593200034,0.8478644834840726,0.7742053196094667
synthetic,138,5120,3.9379674361231047,-0.23913189136395624,-0.1622203248883003,4.297059582723023,3.5573677533044616,0.8278609325333528,0.9220048689194678
synthetic,139,1440,2.857963117952781,-0.06831630120757719,-0.2895885571142389,4.30765254651309,3.495368538568628,0.8114323290530987,0.6890504212953402
synthetic,143,2400,3.761651226192305,-0.6094365921049097,0.34542949517200316,4.385996447190196,3.9423727975881464,0.898854535122515,0.7766583511127645
synthetic,144,3920,3.0425829040328423,0.06668540546740132,-0.24866501327953738,4.38158973760557,3.6182151836608876,0.825776807127121,0.7753969197605066
synthetic,146,3280,3.3340349730708585,-0.19323431273644548,-0.464890287038461,4.49447946490777,3.6924266405901047,0.8215471156159517,0.7579625665407644
synthetic,148,3840,3.672046920959199,-0.33802730171873085,-0.05271774716894484,4.411450648872821,3.4337870966167245,0.778380485225217,0.8217920802548347
synthetic,149,3440,3.7280827975131596,-0.22403371023568508,-0.19431031201765903,4.291272575848825,3.7462790479418393,0.872999554730176,0.8706585826003327
synthetic,153,3520,3.971211967535732,-0.31110043660180714,-0.15052281703637282,4.228198923907077,3.6710299574904335,0.8682254604280089,0.8872091582077409
synthetic,157,5120,3.5987102779387543,-0.3902670818478573,0.2909632300570335,4.351929163250289,3.5287209245131397,0.8108406162286137,0.8297312563075189
synthetic,160,1360,3.5506497193102335,-0.15405531468963696,-0.7011993019894449,4.725971794690603,3.530494153222793,0.7470408852607056,0.7825014851997373
synthetic,162,4400,3.604372806372837,-0.5226356698029043,0.10552310294230072,4.080396417362115,3.6455592313621192,0.89343261253986,0.7503668490844276
synthetic,163,3440,3.970915540338654,-0.3322484403299546,0.1637225041962087,4.330575712874833,3.890917025947564,0.8984756955939691,0.9698664620865908
synthetic,167,5120,3.665718010847756,-0.35831102440034834,-0.11305165519012306,4.491815040363684,3.7968714547549123,0.8452866871489649,0.8127131512194524
synthetic,168,4000,3.140813488960215,-0.07121206629747157,-0.14287914592316842,4.517664828340005,3.603863725042048,0.7977271138917738,0.7844667493363067
synthetic,176,3440,3.550721747793385,-0.04777142247428285,-0.07985122734738725,4.389284198254435,3.674324746693596,0.837112517834874,0.919779138951398
synthetic,185,2320,3.5641706134739777,-0.1809258831297687,-0.2626657634090046,4.016984162519205,3.987254838960177,0.9925990936592631,0.8256508610659843
synthetic,187,1120,3.3911496165181347,0.04180600639805412,-0.40205206077870814,4.116992832953983,3.6237611679339126,0.8801961322176576,0.8709980584405688
synthetic,189,2960,3.8312401636859383,-0.3321032131551471,-0.14104661081280945,4.353184602521721,4.0188732660279385,0.9232030416766333,0.8519325996377198
synthetic,190,1200,3.2697819306466416,-0.4733357297843222,-0.02998021751813207,4.3383137090926,3.370761385170213,0.7769750209869539,0.6922916401507562
synthetic,191,5120,3.672662602013816,-0.16005387279311406,-0.03954102246461533,4.427299423378338,3.7943854262246837,0.8570428749834369,0.8994482371409563
synthetic,194,2480,3.1870718453866123,-0.22551466987717628,-0.40883016196519106,4.137219421637024,3.4543146770811743,0.834936300215463,0.7147704246997447
synthetic,195,2320,3.3162231832358455,-0.09436960087631106,-0.3234915913278211,4.40132043125079,3.77429746909458,0.857537534030891,0.7924697389758882
synthetic,198,4000,2.933792609755718,-0.1279905952089379,-0.13076937440458458,4.276253602166561,3.8812151533345203,0.9076204347113804,0.7030753724179934
synthetic,202,1680,3.6570321881389725,-0.3202306263034342,-0.06009743902208964,4.219630653402294,3.727632181512292,0.8834024794342361,0.8141178682331429
synthetic,203,1920,3.5893948704253367,-0.2868266207976914,-0.08725506455410237,4.241223257452898,3.902508160180167,0.9201374045382961,0.8200160008767414
synthetic,204,4000,3.3190425962039916,-0.11537710625580516,-0.18862581941407575,4.49987945494626,4.046343491408825,0.8992115304246853,0.8084115065918912
synthetic,205,4800,3.809691676163531,-0.38039143204881765,0.1330410542786593,4.779576233864612,3.6977698660591143,0.7736606102983352,0.8841801972589017
synthetic,207,3600,3.1677045357326623,-0.20842986350834328,-0.09374824653882019,4.457045777906008,3.4150770468028124,0.7662198723045808,0.7591163726157728
synthetic,210,2960,3.351357405916757,-0.10314589919797637,0.016941390691960656,4.317453435056912,3.707425575511472,0.8587065572978442,0.8802603786480911
synthetic,213,3040,3.621463385036275,-0.34483598687544986,-0.24156411804449984,4.135703110606181,3.484266678271041,0.8424847202729557,0.7880046602881358
synthetic,214,3280,3.2532003068003372,-0.12031412753194874,-0.33585195442325055,4.24152051472111,3.5789014452946346,0.8437779406873754,0.7680020047305355
synthetic,215,1120,3.2935937524153105,-0.4256599163171597,0.4362738056925215,4.223362983744068,3.5149564057953255,0.8322648134495106,0.7401886859642823
synthetic,216,4240,3.5100354796379483,-0.21038873496203817,-0.14737960621999857,4.5022737824684445,3.779370914320075,0.8394360487442355,0.8208831923252616
synthetic,217,1520,3.3280067726419524,-0.18929941586770724,-0.3685434045816005,4.279711827505215,3.555139029524788,0.8306958909420766,0.7613921735113134
synthetic,222,3440,3.774093622676674,-0.4782186145501133,0.42629246987356595,4.267524218477653,3.7316263642625906,0.8744241797399261,0.8637340799902159
synthetic,225,2960,3.1325426197069266,-0.053364471864202644,-0.15823433957140898,4.168916269061114,3.5379145740949696,0.848641312455946,0.7717956874953381
synthetic,227,2640,3.861482571883523,-0.07453756271988522,-0.11468828506570228,4.506405517242234,3.5660435756260993,0.7913277138468435,0.9693556261887415
synthetic,228,4160,3.3468876908690905,-0.11903387210096451,-0.22929802789204512,4.402224826196145,3.6358778368282803,0.825918252787183,0.8197884316835972
synthetic,229,2000,3.306918996422349,-0.061164051975001424,-0.5091440811198154,4.439541849526754,3.7229716310594685,0.8385936561125851,0.7816712632073172
synthetic,231,3440,3.195443511541715,-0.24414075847225872,-2.4331134250488162e-05,3.9278193216980846,3.573027804962713,0.9096721392515613,0.7485809159868957
synthetic,232,4720,3.6284439370839467,-0.21167850636607552,0.057472873538694014,4.417478089301806,3.486432303667421,0.7892359018397442,0.8838147190122871
synthetic,236,5120,3.2967612568358238,-0.10899282664413032,-0.19668831201296877,4.666977187701062,3.792549270467445,0.8126350564690981,0.8093171202387117
synthetic,239,5120,3.1700637312335807,-0.2857475865195584,-0.028584036799898183,4.185514379133474,3.544731318498906,0.8469045850543154,0.7265648814764938
synthetic,241,3600,3.0395866266816154,-0.14173232078902082,-0.28379956162981923,4.363097678542087,3.606689821893,0.8266351311892156,0.7169415924290505
synthetic,244,2800,3.645282506355592,-0.42940967346983966,0.22650569479216065,4.27634859766027,3.9407789791488774,0.9215289373988375,0.8174190565591618
synthetic,245,4160,3.710666282239089,-0.2827399715385828,0.11795823183091514,4.475877605665978,3.5054349521702557,0.7831838269511108,0.8845831676849055
synthetic,246,2240,4.050908300357511,-0.11686027105237441,-0.35723729035671337,5.283501686827045,3.6470581364303443,0.6902729198560262,0.9703954841149585
synthetic,251,3040,3.238218760406004,-0.09875913795663208,-0.06118924253872793,4.441351724718558,3.689712213651635,0.8307633446629239,0.8334974320095406
synthetic,252,1840,3.7107385040700076,-0.47800896482234695,0.44619864459437775,4.173700312171817,3.6313386373718455,0.8700525590641296,0.8323321552684115
synthetic,253,3600,3.5042677576357466,-0.23852101819438273,-0.26682924606647607,4.368807642422288,3.7030465699839046,0.8476103488801691,0.808445785152664
synthetic,257,5120,3.868963938164458,-0.3661800845041344,-0.03758888496451629,4.264350281671954,3.62710412134214,0.8505643021238949,0.8501962160674256
synthetic,262,2880,3.6523735008559863,-0.23277628957348964,-0.30454645028557215,4.346074117716358,4.3194207913871345,0.993867263740263,0.8264983213114537
synthetic,263,2240,3.854847764692162,-0.2551663878815739,0.09006999111081626,4.643566419191387,4.090906026964094,0.880983635779774,0.9432408111284213
synthetic,267,3920,3.2230080396991805,-0.22712363459733723,0.22143505891404391,3.9851285169520523,3.766064459634695,0.9450296128755957,0.7885006174024989
synthetic,271,4560,3.6683881426931526,-0.16341609008118138,-0.018043484822462208,4.514100543374027,3.9062107453439365,0.8653353437325683,0.9242236133194609
synthetic,276,4080,3.4675348834723354,-0.30729147674510676,0.10084694735935518,4.27801315002043,3.7765811097269673,0.8827885696678917,0.8155725055604566
synthetic,278,5120,3.6344586653832534,-0.2945288335953255,0.022338307965581006,4.437963795718384,3.8807217504460034,0.8744374512901634,0.846237595863637
synthetic,280,2320,3.985398017116801,-0.19167006971698658,-0.3145276976790967,4.390847683172195,3.953774881988976,0.9004582183849628,0.9325052213103541
synthetic,286,5120,3.461533568927597,-0.14506007963290402,-0.026287988081718172,4.2816387547390615,3.7016458754128054,0.8645395110261694,0.8577704309452617
synthetic,287,3840,3.391847505935311,-0.19847779176738917,-0.35915766700593954,4.009234718342529,3.934667373894232,0.9814011027822478,0.7689150222452286
synthetic,288,3680,3.5610350488419575,-0.603588536403683,0.6204507744601448,4.263836174570937,3.8643173604397747,0.9063006180880379,0.7560628550001687
synthetic,290,5120,3.096105961958739,-0.12098377014457194,-0.13752771371402872,4.447736587470966,3.582909215328913,0.8055578708104645,0.7449760187880358
synthetic,296,2080,3.387174852616855,-0.40401255495710314,0.17550045660800828,3.940155064538203,4.230041660862174,1.0735723827046757,0.7501734988340408
synthetic,299,4720,3.789098367896881,-0.36642010603953307,0.06117362458880704,4.197924388496034,4.043391938991626,0.9631883675828256,0.8574335626112413
zenodo_skin,0,12800,37.81668839484428,0.021651392067062687,-0.35767837312624184,1.536778467057075,2.965371761704085,1.9296026234560408,
zenodo_skin,1,11776,39.76308695188826,-0.046803217283478804,-0.20284416976531494,1.5136411096503468,3.1628091394832927,2.089537023881378,
zenodo_skin,2,15872,39.676604642617804,0.030715244558693334,-0.043101447135037496,1.6365372311861355,3.224893977671938,1.970559493678361,
zenodo_skin,3,12800,39.895468759834706,0.20424502738852143,0.03630729223704465,1.527355454390556,3.2103709498700583,2.1019147446270505,
zenodo_skin,4,9728,44.349635531457146,0.19920056790334073,0.19095645927568228,1.5594335152562866,4.3814152938402655,2.8096198080751122,
zenodo_skin,5,9728,39.82104761147321,0.19027886659917156,-0.1066781991939405,1.541584085413783,3.078581932571298,1.9970249833923028,
zenodo_skin,6,9216,49.71941902034353,0.21346363846380365,-0.20753878236017975,2.1595768586028137,8.096627074180278,3.749172918725648,
zenodo_skin,7,6144,40.677117437463856,-0.15041345456909236,-0.23213869146569488,1.2143080879315364,3.4038905893270393,2.8031523656613846,
zenodo_skin,8,5120,42.243736591206414,-0.09783431176067114,-0.3374674040151109,1.139135597892406,3.8031371807994785,3.3386167439907304,
zenodo_skin,9,9728,39.22142777974691,0.07252367810637608,-0.22816742077534924,1.4003903519084198,3.394634239782964,2.4240628587285213,
zenodo_skin,10,4096,41.561539702270096,-0.13158800372733886,-0.4702986988060931,1.106601589550097,3.8637968082628094,3.4915879795850335,
zenodo_skin,11,8704,40.41647315308281,0.10341022285979708,-0.2217355486153254,1.4300953741906213,3.6697181389042584,2.5660653164347007,
zenodo_skin,12,10240,46.80845987943918,0.061421385380187425,-0.20906879374186227,1.8037233269837518,4.539655328986285,2.5168246488099997,
zenodo_skin,13,10240,41.161217549214555,0.12482956272969914,-0.19781390042274927,1.561150335959102,3.3418608906465863,2.140640022726251,
zenodo_skin,14,4096,50.839582214094456,-0.31426061486632334,-0.2839688391967887,1.286602453834727,5.085880084005137,3.9529538194542053,
zenodo_skin,15,9728,42.135379657720414,0.016073721905536856,-0.23097057827245493,1.4646210202562537,3.414624061446434,2.3314045164045254,
zenodo_skin,16,8192,42.330740932724694,0.10471132320182157,-0.1047292488008722,1.6343936771942102,3.5037876589477794,2.143784394077434,
zenodo_skin,17,11776,42.77674308687074,0.12381627323800538,-0.3262521703185599,1.6798703974642084,3.5328387610109333,2.103042452765291,
zenodo_skin,18,6656,43.79288584490955,0.13013663011053858,-0.30444270733414847,1.4457796811709527,3.843628727697046,2.6585162163740255,
zenodo_skin,19,7680,42.531407114914884,0.14368516044186608,-0.21618945430339176,1.5916066239678697,3.7151825322951755,2.334234148280458,
zenodo_skin,20,9216,40.79138479278845,0.18276766792781515,-0.12194643079425349,1.4841305559767166,3.21911674589374,2.169025314471217,
zenodo_skin,21,8192,42.39056297130737,0.07984393556604918,-0.2578747635348386,1.468346375635808,3.5681730111475636,2.4300621912881493,
zenodo_skin,22,2560,52.293376611767705,-0.10119579500599557,-0.6589174458004146,1.4092252090050854,24.0,17.03063488123664,
zenodo_skin,23,7168,40.343700863440986,-0.03257089779272452,-0.2591077453291204,1.3286719563049327,3.1635391509352986,2.3809783415111534,
zenodo_skin,24,11264,42.168053500301134,0.2566344782466116,0.024129815893914053,1.5810981247937927,4.051167517046513,2.5622492706294664,
zenodo_skin,25,2560,52.669475545893484,0.09237235542189878,-0.18757644975477872,1.322601742067868,24.0,18.14605200993941,
zenodo_skin,26,9728,44.12202074337153,0.14158783651871465,-0.24576912615846735,1.6652423554134665,5.643652511030042,3.389087776132602,
zenodo_skin,27,11264,44.224113969598,0.04705323716909668,-0.3358704442125595,1.5784357255248098,3.740255986980862,2.3695966370358694,
zenodo_skin,28,14336,43.6416383195406,0.3486291938994939,0.41247364442108436,1.6609850382898663,3.8093916254224736,2.2934533048802086,
zenodo_skin,29,11776,41.76269072291018,0.0964083690834231,-0.16732166790794833,1.5916462193028695,3.3380200254062853,2.0972122981376575,
zenodo_skin,30,13824,41.8334081561309,0.0953628581930089,-0.27883983294429227,1.5306329457727652,3.7014841191260657,2.4182702517600068,
zenodo_skin,31,10240,41.245202809705916,0.07574042240638258,-0.18552387511549062,1.5752717670075287,3.3915564784713226,2.15299769189294,
zenodo_skin,32,13312,38.62779917705809,0.03093602108541698,-0.13636577820200957,1.5201945780626713,3.1484249172813383,2.0710670612269095,
zenodo_skin,33,4608,40.905772476952016,-0.40822846997582446,-0.07714622967043461,1.1008384566905176,3.3457072932337373,3.039235478102785,
zenodo_skin,34,7680,39.37603114944978,-0.16978258977217264,-0.20239086104280846,1.2969114752895643,3.1438697275097818,2.42412052588851,
zenodo_skin,35,2048,54.45626031884887,-0.4537332474098657,-0.7793062290421773,0.9992005876998402,24.0,24.019201244915198,
zenodo_skin,36,15360,43.7398689907051,0.10266954586523071,-0.39184533568097457,1.7121989521600331,3.9638125931616255,2.3150420622329304,
zenodo_skin,37,13824,42.99121513449467,0.030686071934962714,-0.4015115471943256,1.5676206185841466,3.688511281734695,2.352936187498036,
zenodo_skin,38,18432,44.13680482350387,0.1025377772587696,-0.11965829861454358,1.7731578421409149,4.1002355884057335,2.3123917628534976,
zenodo_skin,39,11264,42.01017301171787,0.13576956979107604,-0.22705793225232762,1.6234239547353033,3.2571938750097083,2.0063729289622243,
zenodo_skin,40,10240,40.93260607903128,0.054017716890973205,-0.38396235473874407,1.5231222392766395,3.0508068128062225,2.0029953828624487,
zenodo_skin,41,12288,41.952120940599855,0.11270534194375735,-0.05293061444139191,1.5510464488335398,3.276020202100007,2.1121354583311986,
zenodo_skin,42,7680,43.774825450752374,-0.17418050413074593,-0.3835020420870663,1.3713138764863393,3.495436726472187,2.5489691210799963,
zenodo_skin,43,3072,42.67080438169352,-0.37606768942378727,-0.2547120080493199,1.138875292246536,3.4158119498388384,2.999285323945202,
zenodo_skin,44,2560,58.742708994636345,-0.22427999027744452,-0.7776217456133523,1.3530906678639265,24.0,17.73717059026643,
zenodo_skin,45,5632,39.98631314711099,-0.24452584767628524,-0.24956420466937335,1.139091257648065,3.299890821315665,2.8969503533273566,
zenodo_skin,46,9728,38.52458973303472,-0.09839899362801974,-0.3975529978983734,1.3562011046282587,3.095443893612393,2.2824372307681235,
zenodo_skin,47,12288,41.29472055670923,-0.09894977925827071,-0.3125309762686981,1.374997104197627,3.533411784401604,2.5697594370306036,
zenodo_skin,48,16896,42.87850051510121,0.045150236174633436,-0.30118843963033237,1.5592349590505858,3.705071924361842,2.3762114252606614,
zenodo_skin,49,15360,42.08519593480366,0.013692046593695351,-0.35695484684558965,1.5466637759952808,3.636225490525076,2.3510122542212892,
zenodo_skin,50,17408,40.98661723798473,0.10445190167206324,-0.29764943365227037,1.598679677409212,3.51576439973307,2.1991675064204523,
zenodo_skin,51,18944,42.619396177178736,0.042566117361022685,-0.3624537956416698,1.6671795441563126,3.6483499322290216,2.1883365502035916,
zenodo_skin,52,19456,42.963255869316704,0.02779915155498868,-0.41574047208610576,1.6801651143314904,3.7010532951870125,2.2027914183062896,
zenodo_skin,53,14848,41.4540788026892,0.06666526408557424,-0.33123329960409764,1.4770286020147847,3.513618531254086,2.378842580611662,
zenodo_skin,54,10752,42.60169179707485,-0.008493376515692418,-0.32295870332276566,1.4706958047800018,3.2965820965283923,2.241511865209625,
zenodo_skin,55,12288,41.970985912051404,0.06257051778097929,-0.2536038178546516,1.628738517054766,3.326653133477449,2.0424721946730946,
zenodo_skin,56,9216,43.648846790880626,-0.022443084426781966,-0.313323464264208,1.490759220575156,3.709188080724319,2.4881201669128443,
zenodo_skin,57,17920,43.509843260061885,-0.008988400308332733,-0.3978260241470428,1.6826684810104688,3.5766145484463205,2.125561029287544,
zenodo_skin,58,16896,42.81598214463458,-0.0036683194666473733,-0.2829833871463894,1.617653350423586,3.5756530512479268,2.2103951074014927,
zenodo_skin,59,18432,41.17991858067152,0.04013458496486975,-0.31651177952549814,1.5628149730102638,3.2383816690756717,2.072146559255165,
zenodo_skin,60,10752,42.328336236824974,-0.002924156600809036,0.23588080690113733,1.459078901479177,4.44221652559147,3.044534823365662,
zenodo_skin,61,7168,41.43849384837036,0.058059372408242056,0.12281519195115775,1.4295028988617808,3.744377318832581,2.6193562264294687,
zenodo_skin,62,3072,47.92434467473709,-0.36827083224668816,-0.08131545573888888,0.9328291817331925,24.0,25.728183112162192,
zenodo_skin,63,3072,57.04180458793717,-0.20170658911857053,-0.8206444201286138,2.4101075258826583,10.299964160530994,4.273653374348441,
zenodo_skin,64,3072,58.64247076719882,-0.3221225456594731,-0.6529421150155388,1.4126785796408323,24.0,16.98900255577026,
zenodo_skin,65,4096,55.670537432623625,0.060550319092708894,-0.7487422902578706,2.0321286183138,9.114822163469492,4.485356921469224,
zenodo_skin,66,12800,37.695407124963495,0.11203017480734316,-0.2191917355369064,1.5603073461338457,3.19319366940264,2.0465158209469343,
zenodo_skin,67,8192,43.92954268442392,0.05969321110707208,-0.22952987829638172,1.4346644744544994,4.786299343466839,3.336180290716913,
zenodo_skin,68,10240,40.71059992683847,0.12362464965844226,-0.09099589868528035,1.512567075348031,3.613399223423107,2.388918337781278,
zenodo_skin,69,16896,37.158685250184824,0.0465219813025371,-0.16852174973247136,1.4376674490640728,3.2744244971590213,2.277595211111363,
zenodo_skin,70,13312,36.4178784383051,-0.03521495793920465,-0.2885591542268884,1.341315911638199,3.105370698996638,2.315167271223923,
zenodo_skin,71,19456,36.88147241104469,0.10683043095228598,-0.2078597209320061,1.45061396606694,3.322654942436854,2.290516305620297,
zenodo_skin,72,14848,38.217443843763625,0.08468620626992308,-0.13777105391818312,1.6161941993978628,3.277431173345836,2.0278696548761848,
zenodo_skin,73,9728,42.4382354611319,0.023584834965903252,-0.18959810771310126,1.4556523072206429,3.5978976151358744,2.4716737625384857,
zenodo_skin,74,14336,38.54526952700678,0.177289019626235,-0.17447206356484335,1.6365904201524601,3.2867924209776085,2.008317035530136,
zenodo_skin,75,3072,37.58348760673394,-0.3492175011936234,-0.15832852351040838,1.0865142707328999,3.067367273318589,2.8231265395617124,
zenodo_skin,76,4096,42.91864066432974,-0.14563116310117785,-0.39927106738932716,1.2045187428283752,3.5805136631003163,2.9725678279549053,
zenodo_skin,77,4608,44.978027563826345,-0.006172743245677524,-0.11193214553961361,1.21084929257698,4.311962990634174,3.5611062558060174,
zenodo_skin,78,7680,40.06155255429838,0.06221733890670013,-0.1844465022476114,1.4658793150352052,3.2788519693015044,2.236781661130649,
zenodo_skin,79,2560,45.74932667956947,-0.11149714894837186,-0.6427830579031331,1.136424128468831,4.685340492371406,4.122880159790546,
zenodo_skin,80,16384,39.77108592674712,0.2225143826235765,-0.1578804841421766,1.5699530001395317,3.588048351782123,2.2854495334976463,
zenodo_skin,81,7168,44.23425377718698,0.11638709152273971,-0.29307088750313737,1.6017171822007636,3.861442252644745,2.4108140285659627,
zenodo_skin,82,4608,44.08140919028905,0.022343355573375436,-0.3626829158034357,1.339441215351343,3.842463434889344,2.868706286510262,
zenodo_skin,83,10752,42.022139211588424,0.19635124085727182,-0.08529636096015825,1.6143385391759115,3.3588429555143584,2.0806310906936427,
zenodo_skin,84,14848,42.1817786109888,0.18903715623848547,-0.03206484007278254,1.5728319876685721,3.7616322217998484,2.3916300350527337,
zenodo_skin,85,2560,33.13756339651562,-0.13337636631190528,0.43048597828860924,1.1981923319718413,2.714221831734058,2.265263897380579,
zenodo_skin,86,12288,41.44973406782845,0.15139252959300278,0.0939886932396341,1.5689522752996088,3.4898790479202515,2.2243372872854406,
zenodo_skin,87,13824,39.8822055786567,0.008078131729948328,-0.2715518477529466,1.5801039053417627,3.2900987367632926,2.0822040409119,
zenodo_skin,88,5632,41.54641751467473,-0.0005199980665496178,-0.305388855284066,1.3041718827426674,3.264320918711842,2.50298366488855,
zenodo_skin,89,10752,42.490730577148106,0.08249170614099033,-0.30167554677512687,1.561111984698888,3.3736899863750756,2.1610813442225947,
zenodo_skin,90,2560,55.7213783060954,-0.6627877086914273,-0.6154704524962975,1.2312994912870843,24.0,19.491602302956096,
zenodo_skin,91,1536,32.09687104922138,-1.4963893252816534,2.447498049712788,0.9041599589969853,11.926154476425454,13.190314786396351,
zenodo_skin,92,2560,58.67748576585141,-0.769766387334363,-0.28993546288749483,1.7230031168295523,24.0,13.929168070317655,
zenodo_skin,93,9216,43.0899596330414,0.07000966280678053,-0.22664099359194534,1.6318384434048947,3.4053406853040604,2.086812391917109,
zenodo_skin,94,8192,42.6616008309867,0.017858886105923576,-0.3055891096477059,1.4762991348384127,3.310093326283673,2.2421562460957327,
zenodo_skin,95,15360,40.91153986141342,0.154401816138297,-0.1644706443109496,1.5836761572274731,3.2901532911412064,2.07754172223016,
zenodo_skin,96,7168,42.152905938900346,-0.08743712801099089,-0.3025055523438329,1.4561753734575564,3.2385405157812057,2.2240044535924164,
zenodo_skin,97,3584,46.54168202730533,-0.1195509418260868,-0.5669635346801787,1.1233369668582731,4.789215687333035,4.263382963998256,
zenodo_skin,98,7168,40.95936160495223,0.006352530572469153,-0.3599992896489277,1.4637102377538294,3.1329752407588214,2.14043405583239,
zenodo_skin,99,3072,51.96697610947638,-0.3568577214332571,-0.5559649555118371,1.6249778571680487,4.730094163980077,2.9108668423479385,
zenodo_skin,100,5120,44.581405302815334,-0.3062306027099475,0.04447511936583881,1.4632659210454841,3.5241085213336483,2.408385564542991,
zenodo_skin,101,3072,52.51577599885917,-0.2291408912711979,-0.5724564518691739,1.5688544341824733,7.432675979488467,4.737645391149128,
zenodo_skin,102,7168,43.26059346680047,-0.15546161083530588,-0.24834685292378467,1.4403971583999615,3.9480479175438514,2.740943978207696,
zenodo_skin,103,8192,44.5296876703259,-0.16110872884585714,-0.19725012206187387,1.458850337554634,4.15455082921553,2.84782525134107,
zenodo_skin,104,5632,45.947297058408736,-0.17415489610316287,-0.23205549870284203,1.3130001709271855,5.453312127812691,4.1533217196474475,
zenodo_skin,105,11264,42.01151895910749,0.033530602605147494,-0.2755710708310102,1.5438475372695497,3.1677669770500296,2.0518651619268997,
zenodo_skin,106,9216,46.033676456406894,-0.014976687740390845,-0.2131758593639521,1.7368028361056453,3.9922998532791265,2.2986488565569596,
zenodo_skin,107,6144,40.945262896453855,-0.12473912617681511,-0.2929253580752458,1.2806600640378298,3.1254766026683396,2.440520080569964,
zenodo_skin,108,5120,43.1704780727811,-0.20073908569362672,-0.20113566599361787,1.2982579788945774,3.420820431217246,2.6349311822677635,
zenodo_skin,109,1536,47.667560364737085,-0.45711714491188615,-0.30951434066646266,1.0192088656701483,4.73616450322659,4.646902772095173,
zenodo_skin,110,7680,41.450697580403016,-0.17012801840238184,-0.3209702884304617,1.3664126679311488,3.1741902884107915,2.3230099975703196,
zenodo_skin,111,1536,40.89867528821338,-1.1074214713752184,0.49305838617965136,0.9397690841985373,6.940880918190202,7.385730212767735,
zenodo_skin,112,2048,51.85010302386423,-0.7309867358074524,-0.34253726571917253,1.1113394029933326,24.0,21.595562917464548,
zenodo_skin,113,1536,38.74988474484958,-1.3385213706275862,1.4492932270966588,0.9522257346158719,6.312542731817192,6.629250294693699,
zenodo_skin,114,2048,57.02071684705319,-0.3116471348040467,-0.7671624576586473,1.101091230507886,24.0,21.796559027111527,
zenodo_skin,115,1536,45.35483216210971,-0.548410254907856,0.00313977002539767,1.0957802732654247,4.039223769778888,3.6861621515981517,
zenodo_skin,116,2048,53.47361032570175,-0.3051535112705237,-0.5731027954901617,1.4012339841637824,24.0,17.127760439183565,
zenodo_skin,117,10240,41.213293363278396,-0.07100100677766777,-0.21742365528227214,1.372033829798554,3.390683414223379,2.471282661245466,
zenodo_skin,118,13312,40.26036581049375,0.22856245294794036,-0.1261592361855728,1.537165619133253,3.334719363770526,2.1693949710187,
zenodo_skin,119,12800,42.88710765520413,0.04536241528949428,-0.18564434209410274,1.4883998394939901,3.6784898893940277,2.4714393214692905,
