group,snr,thickness,n_coat,seed,radius,n_reflectance_cal-0.10,n_reflectance_cal+0.00,n_reflectance_cal+0.10,solved,n_ratio,thickness_true_n,optical,radius_fit,fit_residual,intra_cv,n_ascans,thickness_assumed,err_refr_0_10,err_vert_0_10,err_refr_10_20,err_vert_10_20
snr,15.0,16.0,1.48,0,246.92619631374885,1.2952314230298596,1.333504978329836,1.3730766216944992,True,1.411245567346327,16.037165306033625,23.660723461626834,241.74777456511026,0.38282408444331917,0.020140325809378135,28,15.825255594255909,0.04726817362444941,0.08684217353581386,0.006856703261161913,0.17104900893388855
snr,15.0,16.0,1.48,1,692.5349549052091,1.3231429387838962,1.3656113048431984,1.4096612749921997,True,1.4176427089532153,15.95347749926382,23.61145828000733,698.4161499514773,0.32498583417155696,0.020300332313883646,78,15.74243109431296,-0.07801259903834534,-0.04112796872482415,0.05844449360437744,0.20778683993845537
snr,15.0,16.0,1.48,2,644.5866464438946,1.3143723790761592,1.3555117022866927,1.3981400447685706,True,1.41868884454492,16.022627165767233,23.692788058326858,645.9543485403899,0.3462012754058866,0.022828835037684753,74,15.810751056703234,0.04771077667157491,0.08563316903573533,-0.055410734824041206,0.09894243843623693
snr,15.0,16.0,1.48,3,260.4585020280198,1.328005622250347,1.3712151727066306,1.4160590618014326,True,1.414129378456909,15.970594275813747,23.603261592524564,249.02810390054444,0.2819968780880486,0.017636008953117656,30,15.759713723474302,0.018981085138572048,0.05992059500796925,-0.16246944982952627,0.010010454355180665
snr,15.0,16.0,1.48,4,534.0255718245462,1.3115806283034084,1.3522990062096467,1.3944776103352647,True,1.4169963735787687,16.000257309158535,23.690274787858566,529.4610714602101,0.416760641577161,0.01938541165190963,60,15.788652647707627,0.04239299885773809,0.08078467729671894,-0.13818852842455595,0.014497232964827538
snr,15.0,16.0,1.48,5,182.42904760962278,1.3248873054892936,1.3676211983533124,1.4119554968598362,True,1.4029414056711176,16.07904027047973,23.898552205738632,186.0465890645037,0.29570769085368204,0.020970907118576743,20,15.86636909578346,0.05647637546843498,0.09623444226812772,0.16929585052492513,0.32310317080551876
snr,15.0,16.0,1.48,6,241.88026470075857,1.2931726044176535,1.331140749122338,1.370387341114679,True,1.4003984649059704,15.933421722817755,23.452450859467472,246.97501299840525,0.33322070770039147,0.021457330367891745,28,15.722803390795116,-0.09621498141425439,-0.055099428434151415,0.04208963833511822,0.2059114028606007
snr,15.0,16.0,1.48,7,401.5697192656644,1.318476552495867,1.360236552513604,1.4035284934306882,True,1.4186422186531351,16.02456732549743,23.584983421555844,408.8638081964956,0.3570079151968599,0.02236855664602951,46,15.812645282337272,0.023217021678970835,0.06282320061936161,0.02942841924386812,0.18590468937764887
snr,15.0,16.0,1.48,8,340.83296762389955,1.3048832449858088,1.3445959122020656,1.3857010537448986,True,1.4152228756347485,16.000185552419254,23.74714269507091,331.6533045275916,0.3988182534269621,0.022970107888651618,38,15.78866868584113,0.018582513964093193,0.055185908285106375,-0.051325939906297434,0.10339547900474173
snr,15.0,16.0,1.48,9,694.0795915714314,1.306462648661956,1.3464119611319898,1.3877695578960922,True,1.4200864601742582,15.978886605181156,23.726107591105865,704.9703087851659,0.3239737438156233,0.018412296293427974,78,15.767467025168367,-0.01362256171244135,0.025169290659213542,-0.05014037310614583,0.0996054232208462
snr,15.0,16.0,1.48,10,733.6116296403322,1.3132236714761898,1.3541896676457064,1.3966327963256762,True,1.4157650578714054,15.975918269069759,23.486747618176143,727.897356280245,0.3214225808053816,0.019902740253692847,84,15.764680548123254,-0.008738360181974159,0.03007209038704678,-0.07318051732469258,0.08370105134554669
snr,15.0,16.0,1.48,11,392.19398920061377,1.3073266349273833,1.3474055374063274,1.3889014164255298,True,1.4153299049856776,16.02442210037585,23.935012344113304,389.65344570613877,0.3764807464530878,0.02288390518091581,44,15.812520595152082,-0.00392346657020138,0.03483837211187586,0.1207970279924325,0.2778241218038001
snr,20.0,16.0,1.48,12,171.17363146189712,1.375662633060357,1.4262998661896227,1.4791427779141104,True,1.4420495113528056,16.026203335830278,24.25813337683923,164.63395421056168,0.25485510955464485,0.02199044617504623,24,15.815725307774594,0.13581851795703212,0.17497430613750328,-0.1272579191471749,0.09613504176069779
snr,20.0,16.0,1.48,13,640.9278812963018,1.3772668267181547,1.4281592679280146,1.4812783847653515,True,1.446728400033265,16.079351865824986,24.018794380709014,647.1763037439558,0.3157200558989226,0.020230716375915378,90,15.867591116896115,0.04207431912187839,0.07974279753224948,0.14075017804186565,0.34049991368467203
snr,20.0,16.0,1.48,14,665.9759154637633,1.3845364754752278,1.4365896758150758,1.4909661817018522,True,1.450256743595928,15.94131084464439,23.82372477997657,663.5359186232009,0.3315520439569569,0.022819451151164724,94,15.73145038208082,-0.022008928008470572,0.01623691651295857,-0.11778507719267219,0.08477393287321114
snr,20.0,16.0,1.48,15,184.34524597561858,1.3849279964234484,1.437043909153812,1.491488400665729,True,1.4642224018209076,15.952756296766726,23.533497752428325,191.31039004963077,0.27943093338026564,0.01775856757237957,26,15.742788095151854,-0.08418578438257462,-0.046905297912881894,0.011863626605611443,0.21148876772274558
snr,20.0,16.0,1.48,16,410.11171459011337,1.3693172090026093,1.4189482771378437,1.4707031178652819,True,1.4393924122616573,15.990149184315312,23.578080834262437,407.6554921456942,0.378337734446733,0.022735542526758246,58,15.779732728732084,0.017048120400479167,0.05683897196548656,-0.05386725655132419,0.15506325886944977
snr,20.0,16.0,1.48,17,130.14572559552133,1.3599938036802477,1.4081560966292106,1.458325115804833,True,1.4545126763441796,16.123806249420454,24.29832295459969,133.3438847486122,0.40958939293443397,0.028380608372237916,18,15.911712956735718,0.12231880854895157,0.1673052740165001,0.12678113116345222,0.34638176055257475
snr,20.0,16.0,1.48,18,555.1694426064616,1.364485873872502,1.4133544066430208,1.4642855716565737,True,1.444412119581184,15.92753241309712,23.61093304973258,560.380125099645,0.33175068300762117,0.02237598983846894,78,15.717787870113531,-0.07987141090523171,-0.042889657515551884,-0.060621468499122484,0.1360976014446932
snr,20.0,16.0,1.48,19,461.9492182400095,1.3779032591186267,1.4288970429289856,1.4821258651152596,True,1.45362684642998,16.00398174237363,23.526067327156586,462.4268653136494,0.3444399812043045,0.024224259311650995,64,15.793220923908788,0.029658474892411846,0.06786551023991483,-0.038812811824340564,0.1594604673571438
snr,20.0,16.0,1.48,20,450.67475790302336,1.3875382310279811,1.4400727577001302,1.4949712005301146,True,1.442880592148457,16.013462766253028,23.711845011004673,448.1599572274885,0.40367097957364356,0.025055956076150677,64,15.802753604514443,0.02355672556912407,0.062119597338842016,-0.0022838102800801607,0.20584742327096536
snr,20.0,16.0,1.48,21,518.2994038297611,1.3716425052740273,1.4216416706834032,1.4737944111046752,True,1.4564088972498184,16.050972191894598,23.677678516565916,522.0859791984984,0.3985465553712014,0.021711048018713843,72,15.839563523061027,0.008865515610524524,0.04805388970276475,0.12546861916641644,0.32648601762423096
snr,20.0,16.0,1.48,22,322.88961021052717,1.3656255930036036,1.4146737327506702,1.46579883306667,True,1.4427776614778356,16.031800493451282,23.85731305824845,322.8103061413693,0.2628070894567462,0.015597161181522283,46,15.820898153491228,0.03802512690325192,0.07685937357288422,0.022117730303777863,0.23249283097014248
snr,20.0,16.0,1.48,23,481.1589521452884,1.361579508815477,1.4099908027435792,1.4604284546033783,True,1.4545219819037347,15.971796218522767,23.573062724426933,478.8092235944726,0.37400087471049587,0.022137966878149125,68,15.761598957893325,-0.04365424321481252,-0.004880646479808475,-0.0032453432857507255,0.2042787871779945
snr,25.0,16.0,1.48,24,580.5858232439159,1.396807398504205,1.4508357176873554,1.5073559997700574,True,1.4540592113427264,15.952963519850174,23.622713225140625,580.1851739222673,0.3074584665857585,0.022512772737963527,94,15.743838956408991,-0.08594333356751122,-0.048764530371086856,-0.00282414672064006,0.2416776107284247
snr,25.0,16.0,1.48,25,670.4249748792321,1.396494265064115,1.4504719355727345,1.506937177712914,True,1.4721605479148,15.969809633687976,23.832570077767723,669.2541560224959,0.36855158874888094,0.02237394438065844,108,15.760412483440664,-0.04919368341423423,-0.011868981028611126,-0.008146518473456581,0.23513384659422418
snr,25.0,16.0,1.48,26,675.0079991944914,1.3993844073155937,1.4538300438555063,1.5108039573595602,True,1.4525377899360603,16.082451314528022,23.770587250935396,677.0036083970232,0.3608949758840262,0.024574455747452966,110,15.871627543144694,0.052327916651110765,0.08931166151699398,0.11605048908304437,0.361426769105493
snr,25.0,16.0,1.48,27,440.45932177513237,1.3931517413028154,1.4465895718827606,1.502468386143663,True,1.4750805457411784,16.0324175005355,23.752570311222236,440.98686692906335,0.29552075304779574,0.020172813362159266,72,15.822353371139124,0.021300166619387016,0.05898999552076036,0.0448427560888062,0.29512498156635414
snr,25.0,16.0,1.48,28,701.7603876556941,1.3954481909254755,1.449256754973604,1.5055382542519777,True,1.4618688913182303,16.024946430247233,23.7685516619104,702.9173058546935,0.3812002505454418,0.022412051863831158,114,15.814855286311392,0.016486301350540567,0.05427346929283215,0.03468355973210528,0.28002979973919373
snr,25.0,16.0,1.48,29,740.6529563168391,1.4118050960239161,1.468274428697423,1.5274514734366227,True,1.4644782862476236,16.030028737160272,23.749607694515,742.4918636668706,0.34847175560945093,0.021332235580684384,120,15.819842751568611,0.0071606655221057025,0.04446340470365287,0.05616367617532449,0.29928779007254164
snr,25.0,16.0,1.48,30,186.54580883280943,1.4026490380214205,1.4576246037160907,1.5151748995502579,True,1.476007525382677,16.088154716553547,24.274024228383045,181.1568894047349,0.3638521067807272,0.025833497910025992,30,15.877788774148575,0.12393629086958846,0.16568377910660725,0.04726148876378237,0.32162187691377514
snr,25.0,16.0,1.48,31,530.5675649631253,1.398743020533431,1.4530847098006694,1.5099456086870413,True,1.4495178195103657,15.923899128328982,23.417133609571145,533.8734828146245,0.35609406119110293,0.02013350753474067,86,15.715123594856403,-0.07762520648128163,-0.040383569832120166,-0.07434788663922517,0.16799183036427956
snr,25.0,16.0,1.48,32,191.6568990138726,1.3990981380434153,1.4534973732295444,1.5104208359702043,True,1.4758801564983675,16.020300751818596,23.442236295940237,188.1887380112476,0.35223299633517063,0.02173265067657879,32,15.811054008590997,0.023368086300404656,0.06232524577762988,0.017233417336786516,0.29487877801758255
snr,25.0,16.0,1.48,33,203.52940279313054,1.399483831814905,1.4539455865925304,1.510937025642643,True,1.4599999075656112,15.942222217090794,23.642350208224965,201.41833306568878,0.31609214911733813,0.023584109185410745,32,15.73339523202101,-0.01882560506462975,0.023705820709290296,-0.10785915442366038,0.1489802857162187
snr,25.0,16.0,1.48,34,599.7849827449984,1.3954226080302068,1.4492270382026622,1.505504046298843,True,1.4629471957134643,15.965246188444484,23.914349715168488,601.1895819145728,0.3830085517353649,0.0203775255683233,98,15.755997218787941,-0.0590489527038056,-0.021742474186484895,-0.007289738953100705,0.23974828349830338
snr,25.0,16.0,1.48,35,474.2725377797303,1.4010949541146716,1.4558180785326174,1.5130937569048517,True,1.4444137626033824,15.95167471942002,23.507741546088166,474.84731663932575,0.3670752689687179,0.022576915259913084,76,15.74250890344893,-0.04236498055448054,-0.004500858273210591,-0.05530734632413409,0.1862068923173097
snr,30.0,16.0,1.48,36,671.0035938685281,1.410212306382692,1.4664209864585722,1.5253139578248867,True,1.4741876836823369,16.026724847428955,23.833496386129834,669.7878056018278,0.33019859459939194,0.019876126711006834,114,15.816988415053562,0.027848917277377292,0.06543910881818031,0.025560632228801086,0.28854143454874165
snr,30.0,16.0,1.48,37,415.0012540131386,1.4144698235124928,1.471375977127666,1.5310292975410238,True,1.476742827688491,15.9864292338252,23.716212338777368,415.4326827021123,0.35379730643365137,0.02099752914936605,71,15.777344229195359,0.009086869579768909,0.04735825074548153,-0.0368757629509251,0.23101487650829086
snr,30.0,16.0,1.48,38,188.1943940717137,1.4024602880220092,1.457405176643039,1.5149220959194138,True,1.4773427139374122,16.03403401841212,23.25902052248952,186.79932384858583,0.3639720348740462,0.022696806230725237,32,15.824656903735033,0.06889599151921466,0.10854685720752089,-0.000827954694974764,0.2798727267171769
snr,30.0,16.0,1.48,39,280.63515499796296,1.4171660172945555,1.4745151068421414,1.534651631324417,True,1.4513012004168553,16.012874378607,23.8218702085311,282.1211356664101,0.4213918148374971,0.022991911248988313,48,15.803548261513109,-0.02730911272579088,0.009976791101800275,0.05305786993978975,0.3240358902185689
snr,30.0,16.0,1.48,40,163.25414525217008,1.4066504318097328,1.4622774420909352,1.5205368074941579,True,1.4827593328899544,15.927784216050807,23.945085671503058,161.76378782791866,0.3458262763281885,0.023495743551776173,28,15.719960289994194,0.05468975485101372,0.0952235739327498,-0.19912132274939762,0.08834290960782949
snr,30.0,16.0,1.48,41,578.5291219498193,1.4150012604115243,1.4719946433402318,1.5317431024743042,True,1.462293433685402,15.999322870414879,23.815371016411817,579.7341569059853,0.32771171416593936,0.017399426774465127,100,15.79008690188361,-0.0015680511089772153,0.03588634677003526,0.00021379193873144686,0.2688724782436111
snr,30.0,16.0,1.48,42,362.5657042447059,1.4133143611945989,1.4700309878543711,1.529477631345207,True,1.464136488617191,16.072377382804866,24.101263329798854,359.8614198760429,0.3513225373269088,0.023785299319699343,62,15.862259347203295,0.12891628418513967,0.16943601409391196,0.012069221332569668,0.28953968936079305
snr,30.0,16.0,1.48,43,185.31410027973007,1.3975324150660484,1.4516780538272922,1.5083258405280127,True,1.4800419814959311,15.985151579286622,23.665593064301287,183.5416637238681,0.3528857866504637,0.020635916862090615,32,15.776567667965246,0.11451781303348696,0.15585829219392455,-0.14421465446024584,0.14480950239178758
snr,30.0,16.0,1.48,44,508.52438215234,1.4162050404084603,1.4733961484024591,1.5333602988008606,True,1.484429698573693,16.004164963178717,23.67908227934914,507.2604176185326,0.3426729011290132,0.02188748612023737,86,15.79473454275947,0.01803045026441003,0.05593180336851302,-0.010360785196767319,0.2528741407736319
snr,30.0,16.0,1.48,45,465.2895702258723,1.4109147320324458,1.4672383194148078,1.5262565117631541,True,1.4644470724406746,15.969101297687288,23.550347144926892,465.366592712742,0.37303085987627055,0.020563649490657927,80,15.760264104624838,-0.018229896812485435,0.019416736042941495,-0.043567507812937833,0.22358787185000617
snr,30.0,16.0,1.48,46,371.5473260002106,1.409851600587877,1.466001299456433,1.5248300025614439,True,1.4665950373470298,16.01916541767664,23.619601037250867,372.7242202144491,0.42136454491138037,0.023170037311223655,64,15.80971925722851,0.011504807829322061,0.04910922149934943,0.026826027523958018,0.297031605989721
snr,30.0,16.0,1.48,47,536.2986590892077,1.4167666074677403,1.4740500204527165,1.534114881011365,True,1.4777637907630168,15.981077308341417,23.48454135895507,536.3550279423165,0.35738654234245576,0.02445229065876353,92,15.772046500120863,-0.06166799609868527,-0.024426585122428675,0.023822612781523967,0.28953789990306317
snr,35.0,16.0,1.48,48,407.2694671377659,1.4153778007505655,1.4724330111207,1.532248909993466,True,1.4765999192242403,15.972681510414398,23.534190659828635,407.4850463550107,0.36575911522475585,0.020449211228837166,70,15.763824136839526,-0.02173832759937966,0.01815921334024928,-0.0332268963945373,0.23962763331025277
snr,35.0,16.0,1.48,49,366.659769519691,1.414372266266421,1.4712624110330197,1.5308982721230195,True,1.4703821582792582,15.946294196158158,23.915408807124358,364.10454356110756,0.31376568757755513,0.017526821676725774,62,15.737726030580784,-0.0119764150875028,0.027457130541808816,-0.09821715184647435,0.17053124160252597
snr,35.0,16.0,1.48,50,370.29410752100904,1.4137137272435836,1.4704958407102506,1.5300138913512464,True,1.4500121044277574,16.06224033367103,23.83598992543139,371.9780800623242,0.32884125308919765,0.017030964581318336,64,15.852251719413559,0.06036703667239962,0.09850132809502021,0.06411363066966125,0.336115941662058
snr,35.0,16.0,1.48,51,710.7443539117123,1.4147934273551244,1.471752692402678,1.5314639388462277,True,1.4725417380032597,15.99430786116739,23.639465408090068,712.0842481428824,0.3230764634662309,0.021004306302270407,122,15.785041336368463,0.01470892436184239,0.052825253510287086,-0.02677323746687724,0.2384645745772021
snr,35.0,16.0,1.48,52,230.51512960628463,1.4126442429684418,1.4692510331502946,1.5285779232956704,True,1.4608703139016974,16.083130401477423,23.586580416823875,229.16499255108147,0.4011939208680795,0.02453657895597965,39,15.872960789968483,0.0727063944908494,0.11301267852711723,0.09410304041065394,0.3728710102532198
snr,35.0,16.0,1.48,53,353.6763630938594,1.4160592473286575,1.4732263980876417,1.533164411600927,True,1.4551543580448656,16.037499355231596,23.845446424358972,349.68461313523056,0.3556105264080906,0.023187227384110817,60,15.827819557377559,0.10129643660110711,0.13909049934234025,-0.026297726137912984,0.24407597446643645
snr,35.0,16.0,1.48,54,344.8486959518377,1.414697589068412,1.4716411232264313,1.531335212367615,True,1.4746917761965093,16.02404944590949,23.831622794942536,343.8991240891739,0.3477546142681637,0.02193717459875706,59,15.814543753444982,0.10033396510835928,0.1395012183406309,-0.05486557395140765,0.21759871318961294
snr,35.0,16.0,1.48,55,359.0614652912676,1.4162923088419197,1.4734977584406175,1.533477555622972,True,1.4764206624090153,15.993303720242785,23.701497835038538,360.59047641844273,0.34857128349171185,0.021607580408168563,62,15.7842338488827,-0.056525514409331734,-0.01653108692194616,0.04645490387171094,0.32401088210439244
snr,35.0,16.0,1.48,56,699.7054401236073,1.4150874512269502,1.4720949849203682,1.5318588788826994,True,1.4730167689402216,16.05044622839987,23.87656173870068,699.6729918973735,0.3610753387287585,0.021591627536129997,120,15.840460211119881,0.07017252370503495,0.10716223456671932,0.030719933094701446,0.29545742253002566
snr,35.0,16.0,1.48,57,541.9338810144541,1.4121728948350767,1.4687024637785258,1.5279451702583822,True,1.4689291436969192,15.957134028913243,23.330057372317757,542.8871894063926,0.33493979434633026,0.020420331583392272,92,15.748305153701185,-0.03756082620662937,0.001895219013283563,-0.04865340186506986,0.21598987070833406
snr,35.0,16.0,1.48,58,267.17241166590657,1.4157511793627555,1.4728677165609954,1.532750514173798,True,1.4803302713663644,15.92162733587229,23.449591910354485,269.92236199075944,0.3361355380887931,0.02111730785978949,46,15.713503079192492,-0.062226923482102826,-0.020972565536223026,-0.09598619937745861,0.1798162489783735
snr,35.0,16.0,1.48,59,535.5050902888853,1.4137088730048275,1.470490190361718,1.5300073728860022,True,1.465342040017508,15.968217703764514,23.79155124636989,535.5226609053833,0.3832526961085845,0.02323016532860382,92,15.75936081213589,0.019853499644366068,0.05729184434482676,-0.08341809211533324,0.1822766935503542
snr,40.0,16.0,1.48,60,503.703200741252,1.4180234164304346,1.47551356293021,1.5358040232291328,True,1.4772809306575678,15.974337082781158,23.858071391901888,504.13466734833247,0.332639650714581,0.020172186776842245,86,15.76535792883979,0.0007115097140526091,0.03918491191892634,-0.053293269243776344,0.2133737388525984
snr,40.0,16.0,1.48,61,361.59320302410583,1.415428688267081,1.472492255742277,1.5323172707170896,True,1.465427868447867,15.978220788086793,23.711324348708114,361.86429409146996,0.3419102151392792,0.021002279709953536,62,15.769308663098057,-0.03830814294296481,0.0017082214457085354,-0.004148352148126833,0.2701275000225395
snr,40.0,16.0,1.48,62,126.63308408735692,1.4093289791180597,1.4653932514935262,1.5241288787981555,True,1.4556318330667444,16.108938135808454,23.972442665253897,120.99777554239829,0.32842557448668946,0.01937657831668684,20,15.89858521902326,0.3396907194517283,0.37903704039125474,-0.12181444783481368,0.15256879694738323
snr,40.0,16.0,1.48,63,552.4808678124961,1.4148963324198223,1.4718724896512534,1.5316021603620806,True,1.4750072311269804,15.944415341240424,23.671767726833217,551.8119822751032,0.34875625507619035,0.023565979350587973,94,15.735792154209824,-0.020407109331621598,0.017686784291987296,-0.09229166685830754,0.17147065836997447
snr,40.0,16.0,1.48,64,353.8231719493383,1.415267082631897,1.4723041112802413,1.532100177480105,True,1.4811415761117719,15.965791160835133,23.646960236528145,353.9081894599758,0.32766747595367307,0.02259991229696663,60,15.756928457807506,0.04933577299703037,0.0862253110228868,-0.11775345132675928,0.1434118469772991
snr,40.0,16.0,1.48,65,334.7827851936891,1.4152030886442752,1.4722296091758098,1.5320142132943901,True,1.4589375323041203,15.952511520371084,23.76879198911247,335.00156777023955,0.3732910683730749,0.020927880458007923,58,15.7440411520173,-0.04350507496342641,-0.005185065712313961,-0.05147188429440701,0.22368685552466602
snr,40.0,16.0,1.48,66,577.9266991155843,1.4157132297315822,1.4728235329219859,1.5326995298998407,True,1.470219057004996,15.985488227890544,23.75175693356424,579.9146789877103,0.34213218534850165,0.01982851972609035,100,15.776428681999219,-0.02479166833168165,0.012557566596172763,-0.004231875887230671,0.2639388494554741
snr,40.0,16.0,1.48,67,233.53109799922817,1.41532607081702,1.4723727860859086,1.5321794184234114,True,1.47746138994556,15.95349762410326,23.71789356045578,231.5545074146175,0.3693772268237845,0.020182430878233203,40,15.745144463641845,-0.00894651253064751,0.030081231208348047,-0.08405823926282921,0.1964563576490698
snr,40.0,16.0,1.48,68,605.7796459065668,1.4145695992145195,1.4714921270235184,1.5311633055627005,True,1.4758626230439629,16.000338442433748,23.54733235522714,605.7799562451713,0.3480756595019233,0.02174913270073711,104,15.791032763018702,0.03556327016083243,0.07295092985304093,-0.034886385293337804,0.22984866844635937
snr,40.0,16.0,1.48,69,660.8987112218628,1.4163432927767854,1.4735571214897019,1.5335460604675306,True,1.4764453119334704,15.929751043734134,23.67272801615884,661.6079796484831,0.3655390428629818,0.020883976238918914,114,15.721378156763445,-0.018334215574541225,0.020307572036555664,-0.12401779483902585,0.1431878405482692
snr,40.0,16.0,1.48,70,346.6301990708318,1.412469766596871,1.4690479687858475,1.5283436924527205,True,1.45005767764421,16.0086186006015,23.635949091414172,345.20799825694723,0.3053265507067391,0.018316610363984877,60,15.79944332479328,0.010271709592384088,0.049064963395694626,0.006965491610615496,0.28503448690528543
snr,40.0,16.0,1.48,71,674.6422752363452,1.4134770375524588,1.4702203368287812,1.5296960635834127,True,1.4588263763718372,15.990414893232124,23.52938337175999,674.2864750645393,0.37270763609865376,0.023129201626660687,116,15.781251406780232,-0.004805307294937957,0.03254691589139157,-0.014364906240812474,0.25153049216304946
snr,45.0,16.0,1.48,72,632.4191883699241,1.4148281793932727,1.47179314893832,1.5315106172218134,True,1.466324599194758,15.999976344593376,23.844719433144146,633.0548901503098,0.3284114001413942,0.02256357229739806,108,15.790625510441911,-0.021233082924920217,0.01660921710476835,0.021986127867074105,0.2869152585999348
snr,45.0,16.0,1.48,73,310.02293736612864,1.4131362963854026,1.4698237313347595,1.5292385458879996,True,1.4620152024504705,15.977320049700086,23.58281989163167,309.8946259295518,0.4222043930382706,0.0233561132651769,53,15.76845372078343,0.017863600949289966,0.05446130536653077,-0.06172188853988532,0.20539661140363064
snr,45.0,16.0,1.48,74,584.8673909418874,1.4154133049851578,1.472474346073685,1.532296605204106,True,1.4761349099397842,15.980528799490262,23.382458724626396,585.0595086932153,0.34175425253066394,0.022456647526785084,100,15.77145357417703,-0.0013617108159064628,0.0355087683835367,-0.03758069020357425,0.22503167379878397
snr,45.0,16.0,1.48,75,524.5156112205973,1.4162126081251394,1.4734049597499836,1.5333704669468216,True,1.472047516149778,15.946126011110145,23.727922767457095,523.8495255653771,0.33269495656479336,0.023012300207026565,90,15.737548474628365,0.012446986978061333,0.0514787521167145,-0.12320955456994459,0.1447686142163292
snr,45.0,16.0,1.48,76,255.511751791171,1.4161881223086603,1.4733764501162347,1.5333375673450291,True,1.469785959454858,16.065759694405497,23.93845729116936,253.82972910905195,0.32419720538516056,0.01906325588129694,44,15.85591377393351,0.1081041324003306,0.14755961609156934,0.023415256410667048,0.30479381668700506
snr,45.0,16.0,1.48,77,593.440300299424,1.4163178152809155,1.4735274567720658,1.5335118273883228,True,1.4556973708147238,15.989622407091362,23.651619406657073,593.6085044058532,0.33960024687695634,0.022327920960945904,102,15.780469595886734,-0.014927977808908439,0.023636816493397515,-0.005645192612355458,0.2630887444495931
snr,45.0,16.0,1.48,78,492.0234388917313,1.4161763293044887,1.4733627191656515,1.5333217221106363,True,1.4670154288234,15.984591539586791,23.77817845211684,491.34964961448736,0.3771200368641266,0.021695043723454946,84,15.775500468170353,0.009429183463519545,0.046542531203849775,-0.0402461042899374,0.22419155354444673
snr,45.0,16.0,1.48,79,494.6138618985162,1.4166384563200916,1.4739008013741788,1.5339426745801672,True,1.4693158806349045,16.048853844144123,23.796183457689445,493.7394540338728,0.3627708446851863,0.021457961787703147,84,15.838889654383243,-0.02888207358262207,0.007666581382967348,0.1265897618708661,0.39039731803459515
snr,45.0,16.0,1.48,80,241.9209979491191,1.4140313422838764,1.4708655523529703,1.5304404135029885,True,1.4759630179317755,16.051703719788645,23.827921590846604,243.10111003944195,0.32654037826425697,0.022514480569078787,42,15.842041389006422,0.09270004722381099,0.13582250605214857,0.006607759609963182,0.29524752763276296
snr,45.0,16.0,1.48,81,578.6413507402001,1.4159769852371975,1.4731306196402962,1.5330538874068496,True,1.4829398241899958,16.015136596728155,23.70703790398311,577.750155151506,0.35644603910794587,0.022703026300340157,98,15.805544206857116,0.01890775214897758,0.056564948407902375,0.011208309831464666,0.2734243408516525
snr,45.0,16.0,1.48,82,476.3617089028859,1.4155682962890228,1.4726547929340505,1.5325048199991085,True,1.4722940534129194,15.954348460833865,23.449705146184023,477.71158842633866,0.4001282750286051,0.02417711218722728,82,15.745705853652165,-0.0886549780181107,-0.04963294430953184,-0.0004979283715613291,0.2709060195962082
snr,45.0,16.0,1.48,83,519.9403338537097,1.4171601556902493,1.474508281237917,1.5346437537961286,True,1.4699155470716219,16.007252385189844,23.623579150991368,520.204269442398,0.3508606237215233,0.02055449327510838,89,15.79784912163873,0.05977127552671514,0.09949249689313104,-0.04893061377518723,0.22016273960290475
thickness,35.0,4.5,1.48,84,633.6345050351383,1.4129820390948424,1.4696441886997285,1.5290314345126177,True,1.4633214670752737,4.521824455629122,6.849167341651635,633.3846924123093,0.35118452157983626,0.07960106831605346,108,4.462620379318542,0.038184673483984126,0.048712758122267504,0.004846871062755043,0.07770261221031056
thickness,35.0,4.5,1.48,85,264.5083761663489,1.4151275693279761,1.4721416899265063,1.5319127685919824,True,1.481175653360108,4.38059399209463,6.868720822532801,267.2599981131502,0.3487699610415599,0.0780815418359067,46,4.323280942502941,-0.15754704760815486,-0.1470528755410891,-0.07779760095687814,-0.0030620980827705106
thickness,35.0,4.5,1.48,86,399.2190372663603,1.4141268410275194,1.4709767178278863,1.5305686640085285,True,1.4365597427873467,4.542835796157164,6.713463178216393,397.49197873402215,0.3645691071692162,0.07179404499324817,68,4.483373692153944,0.02610881647855395,0.03642842654890182,0.05956277583577469,0.13296781831016447
thickness,35.0,4.5,1.48,87,163.6293072210485,1.4114938589723656,1.4679122327648955,1.52703373256882,True,1.4568200282524346,4.551552197174929,6.588188655440435,164.18249827201095,0.3575904613368937,0.07360328458921025,28,4.492010347756009,-0.012355076040364565,-0.002027785144353787,0.11545947039022256,0.1909016892136692
thickness,35.0,4.5,1.48,88,347.5249943532987,1.4154302965384713,1.4724941281408708,1.5323194312325925,True,1.4622427261638973,4.464982916943469,6.742129437973244,348.93127333967306,0.3095975774343565,0.0711606191811696,60,4.406566101162671,-0.08539145992621305,-0.07542316095850844,0.015357293813150364,0.08958448010984674
thickness,35.0,4.5,1.48,89,213.82116888541367,1.4073589183181177,1.463101493888004,1.5214867069278557,True,1.4764735787406356,4.4273103581752284,6.585485226859248,216.1509463181924,0.34149558726054574,0.08278882857627869,36,4.369304350582887,-0.042482469473360616,-0.03292990546396192,-0.10289681417618289,-0.03538638529463742
thickness,35.0,7.0,1.48,90,632.2359009968488,1.4135339587497067,1.470286591723128,1.529772495971393,True,1.4769700034265048,6.979913664537197,10.445857523286962,633.2429942459527,0.3361927072274928,0.04182607850908109,108,6.888550438548055,-0.03572186694515991,-0.01938891145915191,-0.003860783924508569,0.11014895179081824
thickness,35.0,7.0,1.48,91,476.95594232336276,1.4126934410856966,1.4693082931183898,1.5286439724490992,True,1.4742489344472718,7.049746015617571,10.527062083917635,478.2829264567155,0.37090481651308443,0.049568759031413584,82,6.957486198419674,0.07114052412101268,0.08801287618370275,0.02728178168895994,0.1437324109356706
thickness,35.0,7.0,1.48,92,164.08063150592298,1.40925977309853,1.4653127359275648,1.5240360417355525,True,1.4884726952297755,7.0673921792662355,10.467527436365767,163.5022181630748,0.3253818710918211,0.05348596643960108,28,6.974988450743948,-0.01015812809228984,0.005887720011664488,0.1449424866247609,0.2646961549026921
thickness,35.0,7.0,1.48,93,645.1117785043164,1.4140812246741081,1.4709236178835188,1.5305074029473684,True,1.4701218898862904,6.960875323699891,10.39375325379722,646.4085952285383,0.34712268915200645,0.04389888923791097,110,6.8697466037277275,-0.038626532764413114,-0.022584662482341873,-0.03964126959638642,0.0731731568833183
thickness,35.0,7.0,1.48,94,459.05769454495015,1.4140108686073254,1.4708417200921344,1.5304129186501647,True,1.4760583296916376,6.929963950333203,10.44101814677578,460.6711519486784,0.37035617330350673,0.04656979242472415,78,6.839230264125035,-0.042195320812979276,-0.02579931328734846,-0.09934208003923573,0.012254371454195624
thickness,35.0,7.0,1.48,95,299.5172567401246,1.4123540500952652,1.4689132943314662,1.5281883507433411,True,1.4637948868581507,7.006935387864082,10.562682033891285,301.91850353789954,0.3263343892531629,0.05224686144895071,52,6.915288855818446,-0.07765554814175656,-0.06166157812187249,0.09152632386992056,0.20904631037462434
thickness,35.0,10.0,1.48,96,608.2261173055997,1.4144178323630079,1.4713154542312135,1.5309594698396263,True,1.4807631368801255,10.011942530082369,14.65616742100116,605.2676251716389,0.3476693802037438,0.0314777594824119,104,9.880945686360214,0.018717974662877168,0.04179976365829807,0.005167085501859412,0.16999565697519778
thickness,35.0,10.0,1.48,97,246.35048878216523,1.4087614659787173,1.46473301489054,1.5233676271424959,True,1.484072423806805,10.028728725661901,14.83026335910943,245.85365221671742,0.3109193112224355,0.026201533063785455,42,9.897582205969131,-0.022083023819143156,0.003347684366113364,0.08462165009105291,0.25735912570055175
thickness,35.0,10.0,1.48,98,712.8357974478862,1.414036603241718,1.4708716763484675,1.530447478657836,True,1.4626439643716735,9.940326838806152,14.469236095444314,714.0606490080437,0.3760930484894939,0.03774388317473018,122,9.810229027893405,-0.08799984674262319,-0.06456366245266464,-0.03040225279344592,0.13241239146106448
thickness,35.0,10.0,1.48,99,129.867069390631,1.406389161006769,1.4619735706624553,1.520186549615524,True,1.4532044065286132,10.07095371376306,14.758091054367712,131.43200352404565,0.2887664345214592,0.03274266403940113,22,9.939330266252433,-0.03533748760331079,-0.007846415653697184,0.19850315540270458,0.3786802944582586
thickness,35.0,10.0,1.48,100,214.31631535354285,1.410167090811923,1.466368376470105,1.5252532903294416,True,1.4450403788867032,10.076654100778095,14.949758313847227,212.85986840892357,0.35337555820248895,0.035557015967123046,36,9.944833275278576,0.1314345258072191,0.154622890135977,0.021873675748971602,0.18663675164812035
thickness,35.0,10.0,1.48,101,222.74417709821154,1.413563671466486,1.4703211767758662,1.5298123938814918,True,1.4785285629489593,9.891850942365963,14.719859764134577,222.92822066415025,0.3172337181277487,0.03110416309148665,38,9.762486464543215,-0.06721236118276437,-0.0414673611298257,-0.15363427591322598,0.01581533051871996
thickness,35.0,14.0,1.48,102,367.5815790376031,1.4153637704001385,1.4724166766679712,1.532230062195016,True,1.4831575275850644,14.009334072474623,20.881517082624534,367.67148057143925,0.3415979781935934,0.02552638079756825,62,13.826011742246001,0.03392325849979194,0.06790984812078232,-0.016894392618884996,0.213910483664123
thickness,35.0,14.0,1.48,103,208.27089677389432,1.4103849495052811,1.466621865603294,1.5255456057135062,True,1.4808337795130144,14.025930648086952,20.89271585174711,205.69718731590893,0.35907109237561036,0.026532687091216818,35,13.842659912392296,-0.018357694712787205,0.016800430062741692,0.07282418752197038,0.3179783152886827
thickness,35.0,14.0,1.48,104,534.0205890486286,1.4131313824890082,1.4698180119201654,1.52923194819957,True,1.466956211943665,14.03802886041637,20.47265518689733,533.3870721751493,0.3258685451837879,0.023379330047966898,92,13.854430361216746,0.021015791437486827,0.05395696995869109,0.05504192939524876,0.2899753991148237
thickness,35.0,14.0,1.48,105,545.8741734128085,1.4137726145947869,1.4705643860128597,1.5300929682201583,True,1.4774808619361723,14.003229731756742,20.788460026929272,544.7194287745838,0.34699696008240977,0.024337498574784802,94,13.820071443633994,0.05733056850543742,0.09171091308184653,-0.05322331528536927,0.18287613607809422
thickness,35.0,14.0,1.48,106,442.74794589048537,1.4103250521098742,1.4665521714590781,1.5254652359478729,True,1.4656942947597251,13.97862102153914,20.74606179076285,442.799781258242,0.3529600791097445,0.023330711179683227,76,13.795798786326841,-0.02844331018615782,0.00401061520047912,-0.014314646735559372,0.219221509642842
thickness,35.0,14.0,1.48,107,708.2696374194488,1.4174560114416639,1.4748527991322748,1.535041373744203,True,1.4570138139501885,13.951336147214484,20.499273441822698,710.2694717112607,0.40640757058084165,0.02839046098060143,122,13.768817956884057,-0.10250386001638206,-0.06937799212090942,0.006970821353045646,0.2402132689106373
thickness,35.0,18.0,1.48,108,632.2692825487584,1.4150496278377687,1.4720509515850682,1.531808072067581,True,1.4586355322177147,17.949746505614705,26.584357877296004,630.2252674892223,0.3622099480792897,0.021323515235370655,108,17.71493832695494,-0.0594260727208288,-0.01797332076120022,-0.04108091604976178,0.255932766996872
thickness,35.0,18.0,1.48,109,552.6899493691055,1.4163898259394527,1.473611302590993,1.5336085857178712,True,1.4775339626370243,18.026025552311804,26.83212955939531,552.468604410323,0.3638365457154697,0.020081645310842704,94,17.790185086894283,0.033232469259687036,0.0762350071462814,0.01850529114879553,0.31760580697126073
thickness,35.0,18.0,1.48,110,595.3456957730167,1.4137625760045003,1.470552700988721,1.5300794878243154,True,1.4811191507689272,17.954683466796247,26.644908457822122,594.1463595781305,0.3215962656413754,0.015887591779352467,102,17.719838842036392,-0.03228237431698106,0.011033055949606334,-0.058872058445992935,0.24324419869184724
thickness,35.0,18.0,1.48,111,268.4688214045825,1.4123729043847586,1.4689352374176352,1.5282136610878732,True,1.4833227822997832,18.089962490769572,27.0520590384713,268.45916900037014,0.3906033101114524,0.021052838425660744,46,17.8536247540516,0.0787861639364588,0.12591058938486688,0.1021548473147892,0.42356617899252086
thickness,35.0,18.0,1.48,112,566.2969422388524,1.4134492122411657,1.4701879489967393,1.5296587008064362,True,1.4627185664961524,18.038503595767935,26.743363572175337,564.3110962578842,0.39376721540415316,0.020344776811908195,96,17.802497095491873,0.025934760482388755,0.06898807421431226,0.0516072751081828,0.3506778537663813
thickness,35.0,18.0,1.48,113,165.6645316468999,1.4134335593219733,1.470169729510923,1.5296376827642177,True,1.4616537827536211,18.026696124336173,27.023873798158192,165.93660311704215,0.38437239332318873,0.022119219340520302,28,17.791377474350714,-0.02975568596483567,0.013862714929975388,0.08314793463718217,0.4007232251745914
thickness,35.0,22.0,1.48,114,554.831500073084,1.4124459209619389,1.4690202163511952,1.5283116809308677,True,1.4738607159963264,21.99501948132908,32.618244802526036,552.7231356802763,0.34045350292189136,0.017169298495348793,94,21.70729669728454,0.04046796818542475,0.09344747108097355,-0.05240502669493174,0.3139646946791217
thickness,35.0,22.0,1.48,115,296.3247011149017,1.4139201618665576,1.4707361341201444,1.530291106811086,True,1.481892975738323,21.923866447912104,32.55539545831532,296.49930072948314,0.3318777628173605,0.01408560112064571,50,21.637272723375975,0.019018673432008464,0.07473504665494196,-0.17921512973445175,0.19649601634052724
thickness,35.0,22.0,1.48,116,710.877269657972,1.4154490919696239,1.4725160103803387,1.5323446806507879,True,1.4793084335592153,21.966490443517632,32.54731116565396,710.2537594212831,0.3163305985406387,0.01486130185102407,122,21.67918504847595,-0.03483653757480867,0.017976555928741686,-0.0321383426868446,0.33747688565177303
thickness,35.0,22.0,1.48,117,546.8960105589022,1.4097220706940352,1.4658505935388604,1.5246562235499772,True,1.480182132947758,21.990792124842283,32.785406503058276,547.7563401107204,0.35444815199251645,0.015124284337027989,94,21.703256466661497,-0.04904193348997173,0.0046503708622331885,0.03235809875420036,0.40774723590386974
thickness,35.0,22.0,1.48,118,512.9697926051037,1.4163600267340217,1.4735766057165094,1.5335685453186148,True,1.4784474926046072,22.01666035960142,32.53065944697955,513.9732854435512,0.32821227531592906,0.015046113851245059,88,21.728785178984694,-0.01539854370815874,0.03617256461619886,0.04871926291100046,0.4192166554911633
thickness,35.0,22.0,1.48,119,340.62652658154593,1.412565862548846,1.469159809582817,1.5284726980606924,True,1.4698881825685788,22.012501652770773,32.65155653315106,338.3360853911426,0.3177791050578865,0.015246069294150882,58,21.724876581355932,0.0274814250031208,0.08409784040898789,-0.0035481031924555445,0.38273641815742276
thickness,35.0,26.0,1.48,120,644.044358722925,1.41309815568415,1.469779338442905,1.5291873361209587,True,1.481021232265339,25.958786101083945,38.4397227790259,643.2834175785509,0.3369105921214998,0.012752963192049058,110,25.619306836581988,-0.03406573510034962,0.02888708465601329,-0.048626809539748,0.3891243195534592
thickness,35.0,26.0,1.48,121,552.5713525003002,1.413050053514261,1.4697233514294472,1.5291227521963542,True,1.4688674826197947,26.045928339460502,38.44072570712929,552.8749683302767,0.38688455844814446,0.014008343529944449,94,25.70530912856273,0.0024170031291745886,0.06518582315359771,0.091331473023635,0.5304000320383357
thickness,35.0,26.0,1.48,122,316.049410219289,1.411557266067016,1.4679860204712811,1.5271188348093025,True,1.478057660481356,26.084797605839146,38.74415986752242,315.61116083801437,0.31636742349789876,0.013444081243899366,54,25.744144073320143,0.08437965718654741,0.15277789940187667,0.08524770438809198,0.5513623520062404
thickness,35.0,26.0,1.48,123,377.9265901846491,1.4189537127574392,1.4765970192131816,1.5370546534847704,True,1.470809263061024,26.016257504367296,38.20715851732073,378.3686184786091,0.3485895813887133,0.01375391121004487,64,25.676186693335733,-0.028092144781256323,0.033149312403045195,0.060607153515846335,0.4988477151441757
thickness,35.0,26.0,1.48,124,447.37948652183644,1.4116797463324504,1.4681285539437525,1.5272832260444777,True,1.4579186722539845,25.959186820082568,38.32931893591789,447.5854019926854,0.389628605057723,0.01305646453566331,76,25.619787520857248,-0.028792521835347435,0.03220527140099555,-0.05283383799952527,0.38191338207509484
thickness,35.0,26.0,1.48,125,417.66984107635915,1.4115971454686378,1.4680324289508713,1.5271723598487474,True,1.4654180656785754,25.985858064419542,38.31882677878231,415.77509178691713,0.3137176903193282,0.01173466921152779,72,25.646430419391944,0.01818508367223299,0.08200348919657695,-0.04646895483314969,0.4082223848914417
thickness,35.0,30.0,1.48,126,263.9241066070491,1.412555238354217,1.469147444606514,1.528458435292067,True,1.4706416817313497,30.089521033937682,44.63494416013727,266.0811561588658,0.3175224344875483,0.012205911339755732,46,29.69721794971477,0.10324045847908654,0.18797391172715358,0.07455438898341527,0.6467567485064287
thickness,35.0,30.0,1.48,127,717.3227601657569,1.4162222625323058,1.4734162007125637,1.5333834388407699,True,1.4668379060156223,30.048120182664352,44.617153790133905,715.4023161229641,0.33432068613517657,0.010851999022586364,122,29.655132223624047,0.05205307212055606,0.12419828943007209,0.0440561968929444,0.548013133709334
thickness,35.0,30.0,1.48,128,348.65052326107707,1.4123754827379995,1.4689382381722547,1.5282171223252616,True,1.4878831383580822,30.01171510021256,44.2033275402271,347.0194531857114,0.36840024687891004,0.012602631963281825,60,29.620016659729508,-0.00036824170580302963,0.07472886427933799,0.023798442130917388,0.5626892132594487
thickness,35.0,30.0,1.48,129,147.75852505518282,1.4093473208155953,1.4654145906706342,1.5241534836907231,True,1.4832963942270019,30.025882278873194,43.955566638697306,149.71566300988664,0.3062836468418682,0.01043731836517114,26,29.636069020865982,-0.010811919219576156,0.07709122149673539,0.06257647696595388,0.6879452420268665
thickness,35.0,30.0,1.48,130,396.4645581584339,1.4147332655672966,1.4716826555212053,1.5313831313992032,True,1.4743475444134073,30.05340618130269,44.27137113852292,399.3943152585592,0.40108770834847557,0.011143202983603245,68,29.66077185909793,-0.006286618573031934,0.06562105420796961,0.11309898117841713,0.6312587651312705
thickness,35.0,30.0,1.48,131,640.5422984853833,1.4110725504668524,1.4674219637852488,1.5264683025563526,True,1.471979061753601,29.996965381665674,44.278215231535,639.9663185559133,0.35066942168026527,0.012016045658766053,110,29.604838787428754,0.02034226408844932,0.09446556161579522,-0.027277311217201512,0.4874199140188973
